<?xml version="1.0" encoding="UTF-8"?>
<project-private xmlns="http://www.netbeans.org/ns/project-private/1">
    <editor-bookmarks xmlns="http://www.netbeans.org/ns/editor-bookmarks/2" lastBookmarkId="0"/>
    <open-files xmlns="http://www.netbeans.org/ns/projectui-open-files/2">
        <group name="UF2">
            <file>file:/C:/Users/mabardaji/Documents/NetBeansProjects/UF5/NF1/Estructures%20Enmagatzematge/PersonatgesBolaDrac/src/model/Cataleg.java</file>
            <file>file:/C:/Users/mabardaji/Documents/NetBeansProjects/UF5/NF1/Estructures%20Enmagatzematge/PersonatgesBolaDrac/src/model/DragonBallCharacter.java</file>
            <file>file:/C:/Users/mabardaji/Documents/NetBeansProjects/UF5/NF1/Estructures%20Enmagatzematge/PersonatgesBolaDrac/src/model/DuplicateCharacterException.java</file>
            <file>file:/C:/Users/mabardaji/Documents/NetBeansProjects/UF5/NF1/Estructures%20Enmagatzematge/PersonatgesBolaDrac/src/personatgesboladrac/PersonatgesBolaDrac.java</file>
        </group>
    </open-files>
</project-private>
